ID,Test Case,Total Size (Bytes),Chunk Size (Bytes),Number of Chunks,Preprocessing Time (s),Upload Time (s),Download Time (s),Total Execution Time (s),Total Gas Used,Total Fee (ETH),Average Gas Per Tx
100KB_24KB,Total: 100KB, Chunk: 24KB,102400,24576,5,0.0002,0.5024,0.0293,0.5328,73289624,0.073289624,12214937
500KB_24KB,Total: 500KB, Chunk: 24KB,512000,24576,21,0.0006,1.8848,0.0828,1.9694,364733156,0.364733156,16578779
1MB_24KB,Total: 1MB, Chunk: 24KB,1048576,24576,43,0.0009,4.9843,0.2065,5.1931,746577753,0.746577753,16967676
5MB_24KB,Total: 5MB, Chunk: 24KB,5242880,24576,214,0.0093,60.0256,0.8315,60.8702,3731328991,3.731328991,17355018
